Car_Brand,Year,Kilometers_Driven,Fuel_Type,Transmission,Engine_CC,Seats,Price
Hyundai,2013,48771.17572000247,Petrol,Automatic,1324CC,5.0,825113.7218107528
BMW,2015,88204.86666689937,Diesel,Manual,2655CC,5.0,727294.4622172262
Toyota,2011,29191.480352007948,Petrol,Manual,2306CC,5.0,1311405.7355582628
Honda,2017,59160.45432010813,Petrol,Manual,1458CC,5.0,1518064.9982534093
Maruti,2017,118568.0829362135,Petrol,Automatic,1690CC,5.0,597067.8726155695
Maruti,2010,57837.82545360431,Petrol,Manual,2281CC,5.0,426268.3954960918
Maruti,2021,23260.782148292474,Petrol,Manual,1251CC,4.0,1748970.6589097348
Tata,2012,11235.170687207761,Petrol,Manual,2337CC,5.0,1174313.219498565
Honda,2019,112049.08431870906,CNG,Manual,1682CC,5.0,1132188.4998669818
Toyota,2018,11074.943208013066,Diesel,Manual,1112CC,5.0,519537.73078409344
Maruti,2014,113852.88833020852,CNG,Manual,1639CC,5.0,1017138.6742917511
BMW,2015,47638.18602347772,Petrol,Automatic,1174CC,5.0,730051.6537511826
Tata,2013,149899.59213963314,Petrol,Manual,1250CC,5.0,659536.8601087688
Maruti,2019,90168.62615115626,Diesel,Automatic,1394CC,5.0,659000.7709544364
Maruti,2011,319109.72054236627,Petrol,Manual,2033CC,5.0,866085.6935412968
Maruti,2020,31593.930842414185,Petrol,Manual,1299CC,5.0,1332484.5440423035
Hyundai,2017,82876.26295557289,Diesel,Automatic,1263CC,7.0,1822312.0801802806
Honda,2020,35702.45013114704,Petrol,Manual,912CC,4.0,561860.1828893339
Hyundai,2022,42684.36521425957,Diesel,Manual,1835CC,5.0,749758.824450185
Hyundai,2015,59376.64538140577,Diesel,Manual,2724CC,5.0,651697.6032943304
Honda,2014,,Petrol,Manual,939CC,5.0,838769.8313809432
Maruti,2018,,Petrol,Manual,2224CC,7.0,613923.0595058706
Hyundai,2010,,Diesel,Manual,1316CC,5.0,1670045.211576947
Hyundai,2014,,Petrol,Manual,2747CC,5.0,491875.21594331524
Hyundai,2015,,Petrol,Manual,2965CC,5.0,562223.5578044956
Toyota,2014,,CNG,Manual,1687CC,5.0,523086.38892656995
Maruti,2015,,Petrol,Manual,2141CC,5.0,636741.7129810958
Honda,2015,,Diesel,Manual,849CC,5.0,362758.5294814438
Honda,2016,,CNG,Manual,818CC,5.0,527724.3905076643
Maruti,2013,,Petrol,Manual,1525CC,7.0,834853.1050596044
Honda,2020,,Petrol,Manual,2273CC,5.0,831910.2794900965
Maruti,2017,,Petrol,Automatic,1251CC,5.0,770147.7916274972
Maruti,2016,,Petrol,Manual,1964CC,5.0,1275353.8861665896
Tata,2018,,Petrol,Manual,1907CC,5.0,850678.004310506
BMW,2016,,Diesel,Manual,1014CC,4.0,1254897.5537058504
Tata,2012,,Petrol,Manual,2349CC,5.0,1823001.3326042872
Hyundai,2012,,Diesel,Manual,927CC,5.0,1029571.5451607588
Maruti,2017,,CNG,Automatic,2645CC,5.0,363523.6241417814
Toyota,2014,,Diesel,Manual,1559CC,5.0,784759.7340652724
Hyundai,2013,,Diesel,Automatic,2615CC,7.0,730715.875975976
Maruti,2017,,Petrol,Automatic,1160CC,5.0,1388612.1869080449
Hyundai,2015,,Diesel,Automatic,1368CC,5.0,647737.3613875089
Maruti,2011,,Diesel,Automatic,2215CC,5.0,461264.44779808266
Tata,2013,,Petrol,Manual,2397CC,4.0,542050.3164020466
Hyundai,2021,,Petrol,Manual,2492CC,5.0,369462.9603476449
Toyota,2020,,Diesel,Manual,1001CC,5.0,184655.34229922737
Hyundai,2013,,Petrol,Manual,2864CC,5.0,1674060.0113076868
Honda,2015,,Petrol,Manual,1317CC,5.0,689503.2499159065
Honda,2015,,Petrol,Manual,2148CC,4.0,384894.9610352372
Maruti,2010,,Petrol,Manual,2235CC,5.0,1450970.5444370422
BMW,2017,,Diesel,Manual,2141CC,5.0,1573945.569569895
Toyota,2015,,Diesel,Manual,1480CC,4.0,742654.5495945838
Tata,2012,,Diesel,Manual,2788CC,5.0,355048.46895018395
Tata,2018,,Petrol,Manual,2291CC,5.0,548226.9014427202
Honda,2011,,Petrol,Automatic,1224CC,5.0,615061.3369537051
Tata,2020,,Petrol,Manual,2768CC,5.0,700583.5955513456
Maruti,2017,,Petrol,Manual,2512CC,5.0,406521.56109472504
Maruti,2019,,Petrol,Manual,1577CC,5.0,1070668.9522905718
Maruti,2012,,Diesel,Manual,2945CC,5.0,248866.64318116102
Hyundai,2022,,Petrol,Manual,2626CC,5.0,1155776.0533746972
Hyundai,2021,12979.150416638424,Diesel,Manual,1007CC,5.0,1276330.6106004699
Hyundai,2014,183854.2108263387,Petrol,Manual,2337CC,5.0,573818.8637246911
Tata,2015,117616.04850130001,Petrol,Manual,2459CC,5.0,662644.3150699199
Hyundai,2019,141382.72769033772,Petrol,Manual,821CC,5.0,1355445.3978177253
Hyundai,2015,274002.48845248536,CNG,Manual,953CC,5.0,931306.377896999
Honda,2013,19551.684828809266,Diesel,Manual,2762CC,5.0,583500.6464949695
Maruti,2012,35229.09274469403,CNG,Manual,1018CC,7.0,616612.1099863638
Tata,2013,80990.17377406354,Petrol,Manual,1468CC,5.0,868437.5566878755
Maruti,2010,69539.77012106686,Petrol,Automatic,2318CC,5.0,1597878.9187951765
BMW,2013,18355.64423967534,Diesel,Manual,2867CC,4.0,625725.0449605703
Toyota,2010,94595.65014931576,Petrol,Manual,1749CC,5.0,575119.6012166239
Maruti,2021,22708.533362029317,Diesel,Manual,2995CC,5.0,698239.7673244192
Maruti,2010,22668.387698482155,Petrol,Manual,1202CC,5.0,700229.8551609009
Tata,2019,48498.64921454185,Petrol,Manual,1395CC,5.0,795923.3554193493
Toyota,2015,54939.72620934595,Petrol,Manual,2237CC,5.0,663656.5887204446
Toyota,2014,53385.29227647337,Petrol,Automatic,1957CC,4.0,1189665.7095140377
Toyota,2020,14797.295148550687,Diesel,Manual,2542CC,7.0,445171.6874907401
Maruti,2013,114966.24056457118,Petrol,Manual,2106CC,5.0,838303.0960889965
Hyundai,2022,25435.074883350775,Petrol,Manual,872CC,7.0,854164.7646764797
Maruti,2020,16935.233048470014,Petrol,Manual,1280CC,5.0,463415.5540112364
Tata,2012,119797.90492400168,Petrol,Manual,1359CC,5.0,834293.8890302482
Honda,2010,165783.81763766395,Diesel,Manual,1544CC,5.0,864955.656883977
Hyundai,2015,109071.33922374812,Diesel,Automatic,2266CC,5.0,213155.46874892956
Maruti,2011,92909.37348668062,CNG,Manual,899CC,5.0,426031.0548208365
Hyundai,2017,63245.625059931,Diesel,Manual,1882CC,7.0,1411976.918284733
Hyundai,2019,50020.73907849494,Petrol,Automatic,1212CC,5.0,514995.5769170383
Toyota,2014,14550.244837617542,Diesel,Manual,1888CC,5.0,384474.43898040854
Honda,2016,36250.72499551324,Petrol,Automatic,1977CC,5.0,280902.9567351245
Tata,2019,33315.60393153081,Petrol,Manual,2808CC,5.0,408389.6850830551
Hyundai,2021,25038.621173814223,Diesel,Automatic,1620CC,7.0,650261.0189189292
Maruti,2011,74262.77899985341,Petrol,Manual,1461CC,4.0,372381.705994804
Toyota,2022,44246.62419588268,Diesel,Automatic,1359CC,5.0,937227.435195387
Toyota,2017,14225.972361777927,Petrol,Automatic,2071CC,5.0,459571.49755571404
Honda,2011,22434.813059020824,Diesel,Manual,2613CC,5.0,798850.7010398594
Toyota,2013,67483.50637986245,Diesel,Automatic,1409CC,7.0,1311446.2796620696
Hyundai,2010,13959.242009745616,Diesel,Manual,824CC,5.0,1271041.9668959947
Honda,2014,105259.93115221024,Diesel,Manual,2828CC,5.0,792277.9168049085
Hyundai,2018,44174.35221560392,Diesel,Manual,1083CC,5.0,396436.5538832232
Maruti,2010,42752.75687177955,Petrol,Manual,2272CC,5.0,671718.1045552336
Maruti,2018,54874.40382940374,Diesel,Manual,1100CC,5.0,804771.243583041
Maruti,2020,97057.39564722384,Petrol,Manual,1891CC,,1995995.9169095696
Honda,2017,31370.90669726076,Diesel,Manual,1830CC,,279831.01291675103
Hyundai,2015,66662.69489614255,Diesel,Automatic,1616CC,,672859.8465191186
Honda,2016,51704.66705174868,Diesel,Automatic,882CC,,921078.9348747203
Tata,2012,25532.407280053536,Petrol,Manual,2720CC,,724548.8457582899
Maruti,2010,115445.57177201792,Petrol,Manual,2893CC,,763031.0308762987
Hyundai,2014,89832.50668763663,Diesel,Manual,1417CC,,472388.7930792393
Toyota,2021,63713.3284692438,Petrol,Manual,975CC,,1061567.4239783362
Maruti,2021,105050.28592708033,Petrol,Manual,1989CC,,700384.2869055007
Maruti,2011,110981.0319110265,Petrol,Manual,1641CC,,761701.6879281637
Hyundai,2014,71612.26604546554,CNG,Manual,1169CC,,1116772.528068253
Maruti,2017,100704.34253104663,Diesel,Automatic,2618CC,,591956.3473956694
Tata,2020,69778.9832185992,Petrol,Manual,2901CC,,1236822.7946835563
Tata,2018,66993.71458644324,Petrol,Manual,1489CC,,366777.1351378044
Honda,2011,58196.82095110941,Petrol,Manual,2579CC,,782649.4836893375
Tata,2021,79861.0195813032,Diesel,Manual,2164CC,,458896.282337728
Tata,2012,18634.70877306395,Diesel,Manual,2232CC,,405394.4709219723
Maruti,2012,116377.31590260766,Petrol,Manual,1166CC,,1588501.2141690995
Tata,2010,112725.16610714677,Petrol,Manual,1443CC,,375340.0106086556
Honda,2017,11484.175577151102,Petrol,Manual,872CC,,706944.8247172566
Tata,2015,97382.36881376569,Diesel,Automatic,2071CC,,362602.41647546843
Tata,2021,16898.195370187783,Diesel,Automatic,1659CC,,1199257.5958779224
Hyundai,2022,30407.34912546543,Petrol,Manual,842CC,,564109.6150634431
Maruti,2017,78032.94015803708,Petrol,Manual,1864CC,,1113891.8852339452
Maruti,2020,18762.921736478158,Petrol,Manual,2316CC,,905969.3159655891
Hyundai,2018,95178.37110792861,CNG,Manual,2886CC,,1844935.0256998017
Tata,2014,99229.51485061119,Petrol,Manual,1168CC,,331377.380348125
Tata,2021,45409.76526547985,Diesel,Manual,950CC,,424410.17780153546
Maruti,2012,10320.317430870758,Diesel,Manual,1934CC,,1084516.7327634704
Honda,2014,26916.367135592754,Petrol,Manual,2303CC,,800823.0049226157
Hyundai,2014,57976.474718186924,Petrol,Manual,2259CC,,612436.2008145872
Maruti,2014,208658.1733987204,Petrol,Automatic,1870CC,,1671982.7245351681
Maruti,2012,59958.28745445317,Diesel,Automatic,1823CC,,683556.3721552301
Hyundai,2020,25041.984850505854,Diesel,Manual,2398CC,,467027.7411787256
Tata,2019,60256.87639707752,Diesel,Manual,2840CC,,1120499.8993183298
Hyundai,2013,48824.85033888357,Diesel,Automatic,2189CC,,694524.0089510591
Honda,2018,85671.26150647328,Petrol,Manual,868CC,,720540.662923999
Toyota,2022,15657.350864791453,CNG,Automatic,1743CC,,943131.0747629119
Hyundai,2019,81570.42403682414,Diesel,Manual,1601CC,,961042.9010171846
BMW,2018,48964.30095349447,Petrol,Automatic,860CC,,421812.79830356344
BMW,2011,174831.0638883833,CNG,Manual,1745CC,,595807.5328486692
Hyundai,2017,30917.804499455557,Diesel,Automatic,2137CC,,348871.77134319796
Hyundai,2017,60068.184867251155,Diesel,Automatic,1984CC,,806559.0251942148
Hyundai,2016,144433.04877842756,Diesel,Manual,1130CC,,1574246.2429865405
Hyundai,2017,15407.64988326373,Diesel,Manual,2351CC,,429789.5996535337
Maruti,2012,148412.69634193843,Diesel,Automatic,1137CC,,321481.31789807236
Honda,2022,68219.29417789845,Petrol,Manual,2429CC,,502219.152816902
Honda,2015,13512.382514555415,Petrol,Automatic,2127CC,,609918.3797424773
Maruti,2010,27902.62082141199,Diesel,Manual,2326CC,,965173.6949312288
Hyundai,2016,71579.54975606562,Petrol,Manual,2473CC,,580066.479368232
Tata,2010,13486.296369738066,Petrol,Manual,2161CC,5.0,813554.3499583718
Maruti,2018,53634.08645474819,Petrol,Manual,2373CC,7.0,536942.1380894798
Maruti,2010,31223.45657556806,Petrol,Automatic,1074CC,5.0,625901.0479343792
Hyundai,2010,58499.80952374174,Diesel,Manual,1987CC,5.0,459890.1079965747
BMW,2016,12341.061963897742,Diesel,Manual,2793CC,5.0,395955.45884642366
Maruti,2011,112605.64224384564,Petrol,Manual,1669CC,7.0,982054.7352726659
Toyota,2014,191509.71875721705,Petrol,Manual,1814CC,5.0,554556.1050921938
Toyota,2017,183491.78322458753,Petrol,Automatic,2711CC,5.0,842183.2163400901
Maruti,2017,79245.13284806149,Diesel,Automatic,1402CC,5.0,456569.75741764397
Toyota,2012,16968.059941690288,Diesel,Manual,2599CC,5.0,685681.2478450737
Hyundai,2016,80995.286558018,Petrol,Automatic,1490CC,5.0,250916.0643848824
Honda,2012,11244.711114125566,Diesel,Automatic,1293CC,5.0,574175.1803835611
Honda,2015,11118.597386723693,Diesel,Manual,1289CC,4.0,479133.39056046534
Honda,2015,29549.28851086151,Diesel,Automatic,1189CC,5.0,1175417.0183208226
Maruti,2012,43534.38374608401,Diesel,Manual,1094CC,5.0,368969.5568260491
Tata,2016,83572.44612919283,Petrol,Manual,2192CC,5.0,638242.4829142401
Hyundai,2012,67489.28634454095,Diesel,Automatic,2517CC,5.0,801771.6509807953
Maruti,2017,39520.74936978542,Petrol,Manual,1448CC,5.0,1095153.801440882
Maruti,2019,25984.55812792035,Diesel,Automatic,2673CC,5.0,1021970.2273780316
Honda,2013,302576.43808284897,Diesel,Automatic,1367CC,7.0,662483.8698681683
Toyota,2022,37772.0895055017,Diesel,Manual,1244CC,5.0,707489.7118603766
Maruti,2010,40018.102421227144,Diesel,Automatic,1162CC,5.0,1174898.14430726
Honda,2013,18933.839622727784,Petrol,Manual,2970CC,5.0,656455.7470258292
Maruti,2016,89190.83503186541,Diesel,Manual,2011CC,5.0,743849.4533857917
Honda,2020,69156.6119018287,CNG,Manual,1541CC,4.0,1193949.374959619
Maruti,2013,22472.4264726588,Diesel,Automatic,2841CC,5.0,1976361.8195655567
Toyota,2022,14298.652845118935,Petrol,Manual,1479CC,5.0,774566.5192377729
Hyundai,2015,67049.79103686202,Petrol,Manual,2442CC,5.0,877180.7810877498
Tata,2018,63139.75472115715,Petrol,Manual,2372CC,5.0,1007166.5499168012
Maruti,2010,25959.292433686984,Diesel,Manual,2158CC,5.0,1188327.6264317278
Hyundai,2022,160657.72031925546,Diesel,Manual,2939CC,5.0,1108565.97681238
Maruti,2014,18188.214159732543,Petrol,Manual,862CC,7.0,517546.9643947696
Tata,2020,38311.17362517059,Diesel,Manual,1962CC,5.0,799504.5833828426
Tata,2016,153778.42163998273,Diesel,Manual,2028CC,7.0,1112338.487142549
Hyundai,2010,37212.8571346775,Diesel,Automatic,1055CC,5.0,1312332.8508286797
Toyota,2013,60878.250886505135,Diesel,Manual,934CC,7.0,638788.1608784717
Tata,2015,35341.21515045698,Diesel,Manual,1674CC,5.0,790239.616961626
Honda,2011,26025.086503344064,Diesel,Automatic,1621CC,5.0,834167.7645373839
Honda,2019,216688.5264565887,Petrol,Manual,2935CC,5.0,696320.7017501706
Maruti,2014,36325.22879227116,Diesel,Automatic,1622CC,5.0,780475.6403464173
Maruti,2020,122262.62534240661,Diesel,Manual,1773CC,5.0,246032.71150751464
Tata,2019,23065.290624194524,Diesel,Automatic,2577CC,5.0,2598424.709380944
Tata,2010,21983.004068942893,Diesel,Manual,920CC,5.0,626240.1345678929
Honda,2015,11581.452454777751,Diesel,Manual,2437CC,5.0,649352.1966924754
Hyundai,2015,62729.79294379948,Petrol,Manual,2164CC,5.0,307294.8327409595
Hyundai,2022,32984.95270861007,Petrol,Automatic,1807CC,5.0,286789.7284828753
Toyota,2013,109886.90294133968,Petrol,Manual,1724CC,5.0,862626.9010721309
Tata,2022,42047.65573514068,Petrol,Manual,1444CC,5.0,1114566.6397710242
Tata,2017,182404.11706004004,Diesel,Automatic,2832CC,5.0,1015504.0882607034
Toyota,2013,20260.60891304192,CNG,Automatic,2868CC,5.0,455996.02860310185
Honda,2017,111484.27523649552,Petrol,Manual,1041CC,5.0,986588.8229290033
Maruti,2022,84938.86523371488,Petrol,Automatic,2419CC,5.0,644454.5887137554
Maruti,2017,83684.60219450181,Diesel,Automatic,1602CC,5.0,571226.0948167092
Tata,2014,103146.63054072944,Petrol,Manual,1763CC,5.0,353099.6006724478
Honda,2022,81569.60563018636,Diesel,Manual,868CC,5.0,482314.9944473127
Maruti,2013,59204.43752117819,Diesel,Manual,1952CC,5.0,872340.6854315727
Maruti,2021,17034.699296379124,Diesel,Manual,995CC,5.0,795442.5672590684
Toyota,2022,11653.345667499285,Petrol,Manual,2987CC,5.0,740125.9074687413
Maruti,2011,136819.16509071318,Petrol,Manual,1545CC,5.0,241475.6014557943
Maruti,2020,57940.38447153901,Diesel,Manual,2488CC,5.0,743772.9508112773
Honda,2012,89613.62694658198,Diesel,Manual,1076CC,5.0,513945.11232231255
Toyota,2012,42842.91801348973,Petrol,Manual,860CC,5.0,798201.6020375197
Toyota,2013,16238.958208700402,Diesel,Automatic,2713CC,5.0,1206071.1373035102
Maruti,2013,16687.187455816922,Petrol,Automatic,2899CC,5.0,549928.9954767127
Toyota,2019,67848.94074723557,Diesel,Manual,2572CC,5.0,717834.4015726219
Maruti,2020,38132.78599620951,Petrol,Automatic,2134CC,5.0,1666905.1338457593
Hyundai,2020,21189.983744581805,CNG,Manual,2637CC,7.0,779143.5266861218
Toyota,2014,43823.800670466546,Petrol,Manual,1366CC,5.0,676090.0892343615
Honda,2013,13318.152539672983,Petrol,Manual,2371CC,7.0,459432.4301186789
Tata,2020,53610.27161624753,Petrol,Manual,1421CC,5.0,999932.6039662339
Toyota,2019,25666.63983062287,Petrol,Automatic,2825CC,5.0,423993.65889582696
Honda,2017,89865.36450159809,Diesel,Manual,2000CC,4.0,1232379.4574060973
Maruti,2015,28579.41985900969,CNG,Manual,1113CC,5.0,931211.841082535
Hyundai,2015,40368.675459765625,Petrol,Manual,2944CC,5.0,522364.7942700671
Hyundai,2017,10584.429302546545,Petrol,Manual,2036CC,5.0,466531.4512949815
Maruti,2016,13760.261115334893,Diesel,Manual,936CC,5.0,471703.0196575227
BMW,2019,34919.62485428586,Diesel,Manual,1829CC,7.0,288817.7494884534
Hyundai,2020,42690.44243900063,Diesel,Manual,2956CC,5.0,852637.5134096087
Tata,2021,55817.105174595665,Petrol,Automatic,1461CC,5.0,252092.81135232863
Honda,2019,27241.735753722907,Petrol,Automatic,886CC,5.0,655714.0632850521
Toyota,2022,69369.20571945929,Diesel,Manual,2923CC,5.0,635729.8850017183
Honda,2017,108349.37522015511,Petrol,Automatic,2108CC,5.0,583591.9915761431
Honda,2011,85672.53193487854,Diesel,Manual,2500CC,5.0,849826.0817408909
Hyundai,2018,12021.250819885157,Petrol,Manual,1294CC,7.0,522974.02071979834
Maruti,2010,42745.092075105415,Diesel,Manual,2447CC,5.0,744680.6844501742
Toyota,2017,15542.677540477307,Petrol,Manual,2742CC,5.0,1232259.1069855182
Hyundai,2021,23856.56413923591,Diesel,Automatic,1868CC,5.0,898593.878200632
Maruti,2020,225859.13276147167,Petrol,Manual,2224CC,5.0,559660.3685200835
Honda,2021,17686.44510865293,Diesel,Manual,1396CC,5.0,685911.1329178681
Maruti,2021,44546.29781045037,Petrol,Manual,1249CC,5.0,583900.7840019721
Tata,2013,58137.121748064324,Diesel,Manual,1284CC,5.0,631441.9524462915
BMW,2013,70611.16574288691,Diesel,Automatic,1445CC,5.0,755644.9159973983
Tata,2014,51009.12120190553,Diesel,Manual,2429CC,5.0,346229.99382183526
Hyundai,2017,10490.944769228161,Diesel,Manual,1461CC,5.0,312822.2069464059
Maruti,2014,29760.491799893007,Diesel,Manual,1557CC,5.0,441660.1761486405
Tata,2017,46460.654678634164,Diesel,Manual,1088CC,5.0,869280.3709226828
Hyundai,2019,14598.445855202535,Petrol,Manual,1520CC,5.0,927121.5487133149
BMW,2010,31587.39455418413,Diesel,Manual,1437CC,5.0,994383.1613408808
BMW,2021,11688.342285276203,Petrol,Manual,1298CC,5.0,449658.02128370147
Tata,2019,14091.884480404362,Petrol,Manual,1433CC,5.0,715872.5380340567
Hyundai,2018,35285.54267677975,Petrol,Automatic,2473CC,5.0,567821.2146695377
Hyundai,2015,17119.42529623307,Petrol,Automatic,2830CC,5.0,643935.6268078748
Tata,2012,51913.370195906034,Diesel,Manual,914CC,5.0,563098.040371284
Hyundai,2022,68472.9281579217,Diesel,Manual,1473CC,5.0,776207.8615730726
Maruti,2017,90618.78595553797,Diesel,Manual,2536CC,4.0,493046.59160033806
Honda,2018,21166.56871289236,Diesel,Automatic,2057CC,5.0,1164840.1063130514
Tata,2015,19165.056756753846,Petrol,Manual,946CC,5.0,1169950.6196453138
Toyota,2020,15522.440864253784,Petrol,Manual,2965CC,5.0,856319.9397076912
Honda,2016,60589.205735206524,Petrol,Manual,1211CC,5.0,1098328.4362324893
Maruti,2010,71289.74697557997,Petrol,Manual,2487CC,5.0,340512.237636616
Honda,2014,11604.787336801606,Petrol,Manual,2332CC,5.0,1198268.1013991837
BMW,2014,147609.70272244545,Petrol,Manual,936CC,5.0,817228.2691644469
Maruti,2019,12668.524283950403,Diesel,Manual,818CC,7.0,506804.109917746
Honda,2013,48967.5444047811,Diesel,Manual,2759CC,5.0,483481.8432342482
Tata,2015,71732.00020306195,CNG,Manual,1801CC,5.0,1400191.4322075902
Toyota,2016,112385.17762273805,Diesel,Manual,1248CC,7.0,1002140.0964290885
Toyota,2018,72603.37364360131,Diesel,Manual,2748CC,7.0,635846.4229941583
Toyota,2010,90905.79362983629,Petrol,Manual,1745CC,5.0,338843.8125326288
Hyundai,2015,30734.13745732168,Diesel,Manual,2177CC,5.0,1228486.580764937
Hyundai,2016,94322.72846739617,Diesel,Manual,2322CC,5.0,397301.02770893846
Tata,2012,14175.322487908132,Petrol,Automatic,940CC,5.0,572644.4045533334
Tata,2017,122602.5159392608,Petrol,Manual,2720CC,5.0,635429.6012930467
Tata,2014,49658.58414394647,Diesel,Manual,892CC,5.0,480101.82097442186
Tata,2018,94994.88048327593,Petrol,Manual,1038CC,5.0,622030.4341995855
Honda,2014,40103.04859675232,Diesel,Manual,1004CC,5.0,681035.7579122687
Honda,2018,61581.950086004435,Diesel,Manual,2256CC,5.0,615969.2399480315
Toyota,2019,47369.89069793848,Petrol,Manual,1044CC,5.0,794644.032120337
Honda,2013,75761.89174934603,Petrol,Manual,1631CC,5.0,1426210.1443642653
Toyota,2018,14257.744994447808,Petrol,Automatic,1094CC,5.0,345948.50288120017
Toyota,2014,13112.501565950754,Petrol,Manual,1655CC,5.0,736535.0592711836
Tata,2019,24191.35787699582,Petrol,Automatic,2864CC,5.0,399221.1807501806
Hyundai,2018,18690.5743257575,Diesel,Automatic,870CC,5.0,331778.557641441
Hyundai,2012,112701.7778501199,Petrol,Manual,2092CC,7.0,1057665.2017366632
Maruti,2013,22372.707909027697,Diesel,Automatic,2148CC,5.0,766700.1879704905
Honda,2018,196205.14047170465,Petrol,Manual,1104CC,5.0,323034.2839358599
Maruti,2019,30541.156216571464,Diesel,Automatic,1830CC,5.0,621762.4457063224
Hyundai,2020,20051.85519894264,Petrol,Manual,2137CC,5.0,442199.90149390366
Honda,2015,87960.65487971737,Petrol,Manual,1616CC,5.0,632116.8139294805
Hyundai,2011,63750.81026707593,Diesel,Manual,1926CC,5.0,943131.8527777322
Honda,2016,44477.25543617169,Diesel,Manual,1620CC,5.0,897123.1547269743
Maruti,2011,50524.91495578103,Petrol,Manual,992CC,4.0,564986.7603918284
Maruti,2020,73505.94698644831,Diesel,Manual,2576CC,5.0,1081907.6731717305
Tata,2011,22967.99728433534,Petrol,Manual,1328CC,4.0,1280154.6470794908
Hyundai,2020,290431.56160238525,Petrol,Manual,1050CC,7.0,950683.6538118849
Maruti,2010,194031.99889450474,Petrol,Manual,2588CC,7.0,521543.4204826379
Honda,2020,62537.65450662784,Petrol,Manual,2826CC,5.0,641973.5516631068
Toyota,2020,21128.588923444666,Diesel,Automatic,2203CC,5.0,1403651.3691601765
Maruti,2021,67007.38976376844,Petrol,Automatic,1967CC,5.0,584921.3711522499
Honda,2020,13746.868591714665,Petrol,Automatic,2872CC,5.0,898486.7768034932
Maruti,2012,11556.605826180974,Diesel,Manual,1896CC,5.0,477079.7270837972
Maruti,2015,24898.93765694483,Diesel,Manual,2647CC,7.0,1085627.203255143
Honda,2017,41052.765093671944,Petrol,Manual,1304CC,5.0,452235.3967316415
Honda,2018,111350.99625954202,Diesel,Automatic,2421CC,5.0,655283.7048873554
Honda,2016,74945.14894089445,Petrol,Manual,2187CC,5.0,883205.1975711661
Toyota,2013,77876.8952374661,Diesel,Manual,2022CC,7.0,1547842.259035334
BMW,2015,37712.17897037069,Diesel,Manual,1517CC,4.0,759971.3191220431
Honda,2014,31227.42663447413,CNG,Automatic,1138CC,5.0,602066.2301159089
Hyundai,2017,33184.28252736485,Petrol,Manual,1458CC,5.0,580840.8991576708
Toyota,2010,229703.1945758252,Petrol,Manual,1761CC,5.0,1062463.6543522975
Hyundai,2010,12046.787102196433,Petrol,Manual,1228CC,5.0,849087.9746510756
Hyundai,2022,110882.14958778695,Petrol,Manual,1698CC,7.0,934091.766873607
Maruti,2020,53217.587067633125,Petrol,Manual,938CC,5.0,1354228.6728090493
Maruti,2015,38867.45405173297,Diesel,Manual,1341CC,5.0,703199.0094640254
BMW,2019,74596.07837444352,Petrol,Manual,2904CC,5.0,820473.5151804574
Tata,2021,43341.7151799607,Petrol,Automatic,2055CC,5.0,577153.8980646995
Toyota,2011,113345.31706338834,Diesel,Manual,1183CC,5.0,468712.5974972126
Hyundai,2014,125481.42398101873,Petrol,Automatic,993CC,5.0,511155.8533826402
Maruti,2010,37384.93506770124,Diesel,Automatic,2695CC,5.0,221616.83637381362
Maruti,2016,26205.395354257096,Petrol,Manual,1531CC,5.0,878897.1593331964
Hyundai,2010,54867.356097045464,Petrol,Manual,2963CC,5.0,835757.3803786092
Honda,2013,131727.79697617993,Petrol,Manual,1484CC,5.0,869950.288251306
Toyota,2018,21828.04494750123,Petrol,Automatic,881CC,5.0,454625.75093375175
Toyota,2010,58771.07288497878,Diesel,Manual,1331CC,5.0,515283.2047759012
Hyundai,2013,59923.900011277176,Petrol,Manual,2783CC,5.0,507538.5720067358
BMW,2015,76046.50075634278,Diesel,Manual,1020CC,5.0,1137563.2164715417
Toyota,2015,17053.281485133022,Petrol,Manual,1434CC,4.0,746562.7174473725
Honda,2021,72908.2454563555,Petrol,Manual,2569CC,5.0,699599.99821398
Honda,2022,129862.66031446225,Diesel,Manual,2674CC,5.0,975904.477785973
Hyundai,2017,19903.228039007226,Petrol,Manual,802CC,5.0,508329.367639352
Maruti,2010,23560.479584358098,Diesel,Manual,2517CC,5.0,810933.7764501505
Hyundai,2016,187708.85194307557,CNG,Manual,1005CC,4.0,1649401.5881900531
Toyota,2010,19982.152737757897,Diesel,Manual,2655CC,5.0,1225659.1046173433
Maruti,2022,106339.4883878329,Diesel,Manual,839CC,7.0,805090.2011379489
Maruti,2016,43891.047127677455,Petrol,Manual,2906CC,5.0,712152.7387984374
Maruti,2012,24199.848499718522,Petrol,Automatic,1443CC,5.0,866344.7872892098
Maruti,2020,112300.30008724245,Petrol,Manual,2330CC,5.0,1309419.5471407399
Tata,2017,39466.86627799779,Diesel,Manual,2707CC,7.0,1263591.3011523602
Toyota,2012,46161.493455055905,CNG,Manual,2943CC,5.0,1418627.8326735068
Hyundai,2022,32254.49795889039,Petrol,Manual,1697CC,5.0,766656.0380108892
Maruti,2010,54941.06713425393,Diesel,Manual,1885CC,4.0,251388.16574424697
Hyundai,2022,18927.86488088157,Petrol,Manual,2079CC,5.0,1590450.136969178
Hyundai,2022,34803.54531817368,Diesel,Automatic,1470CC,5.0,468238.69909402187
Maruti,2017,184357.90209105719,Petrol,Manual,2305CC,4.0,968173.5061377804
Hyundai,2012,24929.29402120031,CNG,Manual,1518CC,5.0,253236.62351762282
Hyundai,2011,63462.86922585514,Diesel,Manual,1871CC,4.0,692681.6338951875
Honda,2010,29666.210219446355,Petrol,Manual,2755CC,5.0,585414.833286582
Honda,2012,84244.58453535826,Petrol,Manual,1959CC,5.0,1420236.8554573727
Maruti,2011,17013.338980506836,Petrol,Manual,1049CC,4.0,810004.3488308094
Hyundai,2011,185030.52272121998,Petrol,Manual,2692CC,5.0,689239.286143488
Honda,2015,40237.546108236886,Petrol,Manual,2653CC,5.0,853064.6228484873
Honda,2021,23462.677174886012,Diesel,Manual,2303CC,7.0,197944.71916676697
Tata,2010,13816.886127796854,Diesel,Manual,2034CC,5.0,502930.5904741868
Toyota,2011,19301.897005229697,Diesel,Manual,843CC,5.0,539229.8072571969
Maruti,2015,46674.91727147908,Petrol,Manual,1382CC,5.0,918069.4996954225
Maruti,2012,30549.25399025833,Diesel,Automatic,2088CC,5.0,421981.76564294426
Honda,2013,98270.49420610788,Diesel,Manual,1019CC,7.0,750889.1107674221
Maruti,2010,38183.85953427962,Petrol,Manual,2725CC,5.0,657924.5817239617
Honda,2017,24298.46184879255,Diesel,Manual,1790CC,5.0,515670.1310588368
Tata,2022,58004.94582867339,Diesel,Automatic,2612CC,5.0,531493.3291741617
Honda,2016,71341.13034796724,Petrol,Automatic,1657CC,5.0,655077.0904826126
Hyundai,2016,19138.59738429234,Petrol,Manual,1603CC,5.0,278338.71959221835
Honda,2012,19173.263506538035,Petrol,Automatic,1289CC,5.0,982369.2987755667
Hyundai,2019,11868.036400474137,Petrol,Manual,2580CC,5.0,466726.88128108566
Honda,2019,76666.50603949171,Diesel,Manual,2293CC,5.0,602903.1609031102
Tata,2012,64503.12625735495,Diesel,Automatic,2505CC,5.0,1394297.586021764
Hyundai,2011,42182.70848176464,Diesel,Automatic,853CC,7.0,990542.4610842335
BMW,2021,102949.62453380751,Petrol,Manual,1415CC,5.0,388792.1453356178
Tata,2010,91909.91605846757,Petrol,Manual,1882CC,5.0,189647.95581159164
Maruti,2016,54016.55068179608,Diesel,Manual,2648CC,5.0,870609.5792457248
Maruti,2016,111350.53132645013,Diesel,Manual,1754CC,5.0,614209.3091019932
Maruti,2021,21523.592518528676,Petrol,Automatic,2429CC,5.0,753041.3255569176
Maruti,2011,15934.651069514228,Diesel,Manual,1449CC,5.0,974610.5658720192
Maruti,2016,25718.390286405396,Diesel,Manual,1194CC,5.0,1049504.9766825698
Toyota,2022,12939.055336498135,Petrol,Manual,2159CC,5.0,558924.918405439
Maruti,2017,47875.70214169719,Petrol,Manual,1170CC,5.0,649975.7946346689
Hyundai,2010,147919.06027009833,Diesel,Manual,1657CC,5.0,822375.5533221791
Tata,2018,12006.920820469111,Petrol,Manual,1590CC,5.0,848223.0554940649
Maruti,2016,16511.69399915584,Petrol,Automatic,1457CC,5.0,749533.0307378758
Tata,2012,40092.16241509655,Petrol,Automatic,2192CC,5.0,1317599.721296614
Hyundai,2017,145810.43269379972,Petrol,Manual,1183CC,5.0,843685.0337920497
Maruti,2016,29001.28055283935,Diesel,Automatic,2909CC,5.0,967652.6508799996
Toyota,2020,45386.12518856726,Diesel,Automatic,1038CC,5.0,779839.992923887
Honda,2022,12123.086650052584,Petrol,Automatic,994CC,5.0,420586.67716303194
Tata,2017,18028.582566820947,Diesel,Manual,2908CC,5.0,502188.1330758278
Toyota,2015,225737.55422666893,Diesel,Manual,1952CC,5.0,381587.30532827217
Tata,2018,177790.21539099546,Diesel,Manual,2815CC,5.0,1106933.8317380557
Hyundai,2014,10247.611148691381,Petrol,Manual,955CC,5.0,322282.19409357256
Maruti,2012,161632.03993394077,Petrol,Manual,1722CC,5.0,637393.7168897518
Toyota,2012,60960.48067842505,CNG,Manual,2409CC,5.0,573312.9954330414
Tata,2010,111216.72834882553,Diesel,Manual,1774CC,5.0,566288.3079724156
BMW,2021,40324.613454600476,Petrol,Manual,2030CC,4.0,589615.9328639179
Hyundai,2017,46241.803434888556,Petrol,Manual,2614CC,5.0,1440907.0463232233
Hyundai,2011,43554.274975443,Petrol,Manual,1637CC,5.0,270930.3648047097
Toyota,2012,64960.26185327917,Diesel,Automatic,2807CC,5.0,1236394.3623457595
Hyundai,2017,17520.87271047286,Diesel,Automatic,2163CC,5.0,613374.4631070135
Tata,2017,11521.599045998564,Petrol,Automatic,1003CC,5.0,1016212.6863944834
Tata,2020,28403.404400689044,Petrol,Automatic,960CC,5.0,709823.2459113188
Hyundai,2013,70984.91737704197,Diesel,Manual,1191CC,5.0,398975.00989759865
Toyota,2013,21273.15272183052,Diesel,Automatic,1568CC,5.0,1294792.233387584
Toyota,2014,65955.92046659895,Petrol,Manual,1893CC,5.0,1196781.713857284
Maruti,2015,185181.51951146047,Diesel,Manual,1204CC,5.0,412308.61222428386
Tata,2014,14930.319686089348,CNG,Manual,1407CC,5.0,902418.3448612314
Honda,2016,65828.9541952268,Petrol,Manual,2414CC,5.0,512941.7812677825
Tata,2011,39326.891987858675,Diesel,Manual,2340CC,5.0,328091.19571351295
Hyundai,2016,111301.58110967583,Petrol,Manual,2637CC,5.0,467262.36543432466
Tata,2019,19749.05495293219,Diesel,Automatic,1489CC,5.0,1257472.20729102
Hyundai,2016,68984.49381901769,Diesel,Manual,2040CC,5.0,1028274.7425464808
Maruti,2010,101043.54307988228,Diesel,Manual,2903CC,5.0,592890.4860596862
Tata,2016,154671.61936901364,Diesel,Automatic,1165CC,5.0,1260404.070950937
Maruti,2014,67481.8117492311,Petrol,Manual,2522CC,5.0,1152011.84731836
Hyundai,2012,44375.63063057698,Diesel,Manual,1254CC,5.0,467601.04192932125
BMW,2022,58096.74277754707,Diesel,Manual,903CC,5.0,1412252.85409398
BMW,2012,111591.64546839557,Petrol,Manual,876CC,5.0,570642.3493417714
Honda,2013,52269.45460345029,Diesel,Manual,1029CC,7.0,607930.2535039769
Honda,2022,11542.91588669526,Diesel,Automatic,2737CC,5.0,273576.2868917226
Hyundai,2021,143645.27536495865,Petrol,Manual,2005CC,7.0,508474.7387802211
Hyundai,2011,68482.87680055751,Diesel,Manual,1692CC,7.0,639732.9696194335
Hyundai,2011,66429.87719397445,Diesel,Automatic,2373CC,5.0,790263.2214824731
Toyota,2010,22146.599900901198,Petrol,Manual,2874CC,5.0,399584.9870472418
Toyota,2014,63776.849683404434,CNG,Manual,2475CC,5.0,477449.7815282139
Toyota,2013,35032.57824479294,Petrol,Manual,1098CC,5.0,1427724.634250538
Toyota,2020,62667.55678436183,Petrol,Manual,1756CC,5.0,1114854.5016258
Maruti,2019,15635.653439134803,Petrol,Manual,1914CC,5.0,1215912.2666649818
Hyundai,2011,63624.615923292826,Diesel,Manual,2274CC,5.0,665277.4712083256
Maruti,2012,382086.1454852203,Diesel,Manual,1164CC,5.0,801499.2453603592
Honda,2016,12470.649944715035,Petrol,Automatic,2498CC,5.0,912070.6976078474
Hyundai,2016,198993.15562811142,Petrol,Manual,1150CC,5.0,1417316.0285646154
Tata,2021,36120.28412272986,Diesel,Manual,2704CC,5.0,325169.47662632307
Hyundai,2013,112301.67305078765,Petrol,Manual,1811CC,5.0,532253.9578234802
Maruti,2014,86251.50284671462,Diesel,Manual,1298CC,5.0,766889.2772608604
Maruti,2014,51852.75529632762,Diesel,Manual,1749CC,7.0,711954.2602960255
Toyota,2015,77056.33929263293,Diesel,Manual,2794CC,5.0,474691.960378144
Honda,2018,115398.45504791698,CNG,Automatic,2846CC,5.0,874444.3867532121
Maruti,2011,35887.50393243514,Petrol,Manual,1307CC,5.0,542112.8008910404
Maruti,2014,29802.961239550325,CNG,Manual,2127CC,5.0,687534.1319531028
Toyota,2021,65069.815858615344,Diesel,Manual,965CC,4.0,855894.2325073368
Maruti,2012,92472.89214855367,Diesel,Manual,1719CC,5.0,554108.5146879118
Tata,2013,81834.1684410256,Petrol,Manual,913CC,4.0,986872.2669184947
Toyota,2019,89928.27382238877,Diesel,Manual,1791CC,5.0,1074698.3393234834
Maruti,2015,38598.12483709432,Petrol,Manual,2751CC,7.0,482960.4849896019
Maruti,2021,95141.90531929316,Petrol,Manual,2058CC,5.0,540316.220950307
BMW,2017,16403.548132678574,Petrol,Automatic,1314CC,5.0,425908.64447144314
Hyundai,2010,49316.781417214144,Diesel,Automatic,2031CC,5.0,680305.4500184653
Hyundai,2019,10288.765275812693,Diesel,Automatic,1508CC,5.0,790006.648793715
Tata,2017,29621.459547159393,Diesel,Automatic,2985CC,5.0,579004.4398554732
Tata,2020,32821.728131459306,Diesel,Manual,1138CC,5.0,779504.6390657085
BMW,2016,35223.35175943337,Petrol,Automatic,867CC,5.0,533712.5582986891
Toyota,2010,69448.82510155722,Diesel,Manual,2396CC,7.0,541754.3167103154
Hyundai,2011,34596.76713557032,Petrol,Automatic,2364CC,5.0,809563.2065429697
Maruti,2012,39773.22927819642,Diesel,Automatic,1182CC,5.0,558507.820704346
Toyota,2010,23560.532436598896,Diesel,Manual,818CC,5.0,662981.9370057079
Honda,2018,33360.520027533814,Diesel,Automatic,2921CC,5.0,823325.736288622
Hyundai,2017,22891.25487665244,Diesel,Manual,1372CC,5.0,774122.3077393553
Tata,2011,13800.654412769361,Petrol,Manual,2099CC,5.0,537220.1072452491
Maruti,2022,56247.47976592281,Petrol,Manual,2743CC,5.0,1127974.4464675714
Hyundai,2018,65163.07375355345,Diesel,Manual,1450CC,5.0,318003.1275467803
Maruti,2016,58312.18650742091,Petrol,Manual,2445CC,5.0,180689.9097006732
Hyundai,2018,41133.88075084737,Petrol,Manual,1793CC,5.0,892474.7516962056
Maruti,2015,33884.517238994995,Petrol,Automatic,2138CC,5.0,766934.9897151706
Maruti,2015,109510.63609473775,Diesel,Manual,1700CC,5.0,400631.97568902525
Maruti,2020,46602.90274007968,Petrol,Automatic,2484CC,5.0,720254.6800566808
Honda,2013,42617.71957576247,Petrol,Automatic,2385CC,5.0,503816.5582990656
Toyota,2019,11298.827697100724,Diesel,Automatic,2723CC,5.0,861514.266009313
Honda,2019,30870.39407053988,Diesel,Automatic,2581CC,5.0,188756.93423749466
BMW,2022,33917.56824494026,Petrol,Manual,1936CC,5.0,603917.1140187543
Hyundai,2022,35443.27570989996,Petrol,Automatic,2744CC,5.0,526200.8116052626
Hyundai,2011,53395.552743263535,Petrol,Automatic,1837CC,5.0,988648.7510730323
Tata,2016,48135.855217643446,Petrol,Manual,2538CC,5.0,277394.14883993956
Maruti,2014,56812.56791374099,Petrol,Manual,1087CC,5.0,698329.1792920947
BMW,2020,82383.65643934406,Diesel,Manual,2390CC,4.0,887257.4150055738
Maruti,2015,93828.52007425824,Diesel,Manual,2545CC,5.0,1548552.7084005512
BMW,2011,73314.23719156955,Diesel,Manual,1898CC,5.0,540955.2432843086
Maruti,2014,165639.93625021027,Petrol,Manual,1739CC,5.0,796474.234149784
Tata,2019,10920.042229135,Diesel,Manual,2248CC,7.0,284497.10860713496
Honda,2013,20893.995535625647,Petrol,Manual,1370CC,5.0,681519.4093768699
BMW,2018,10379.580926570785,CNG,Automatic,1800CC,5.0,1168251.5749318977
Maruti,2015,62131.64632038758,Diesel,Manual,2005CC,4.0,1556124.8998478402
Honda,2011,124154.10050332385,Petrol,Manual,1717CC,5.0,832487.4946678733
BMW,2010,23951.467213888674,Diesel,Manual,2674CC,5.0,317213.06015866157
Honda,2014,140888.45831118594,Petrol,Manual,1632CC,4.0,1259866.0729861048
Honda,2018,13107.995096936032,Diesel,Automatic,2478CC,5.0,318398.6403184954
Toyota,2015,146236.44615000588,Petrol,Manual,1415CC,5.0,383422.38249094225
Hyundai,2019,31664.12396532692,Petrol,Manual,1205CC,5.0,1312694.528530574
Honda,2021,15347.023069596842,Diesel,Manual,2549CC,5.0,658189.1377114349
Honda,2016,43264.12744497058,Petrol,Manual,892CC,5.0,512942.39748397825
Tata,2014,24837.928153908593,Diesel,Automatic,1453CC,5.0,945615.7010549401
Maruti,2019,26764.749629583097,Petrol,Manual,1233CC,7.0,738811.4135331742
Hyundai,2015,28357.18935806393,Diesel,Manual,1935CC,5.0,1117270.4883645314
BMW,2014,91234.15099827117,Diesel,Manual,1174CC,5.0,755138.5239578714
Tata,2020,48735.356906913024,Diesel,Manual,1866CC,5.0,763411.4460283561
Hyundai,2018,28648.034787672626,Petrol,Manual,1006CC,5.0,1098019.6547020683
Honda,2015,57123.238047725616,Petrol,Manual,1579CC,5.0,653939.4391433375
Hyundai,2020,72965.58623240507,Petrol,Manual,2119CC,5.0,442757.5168773299
Maruti,2017,25915.587110402303,Petrol,Manual,1941CC,5.0,971834.8060930419
Hyundai,2011,36683.3166979551,Diesel,Manual,1331CC,5.0,593607.5806970755
Hyundai,2021,16498.947976070027,Diesel,Automatic,889CC,5.0,784092.9816165647
Honda,2022,19992.678386106934,Diesel,Automatic,1917CC,7.0,261025.79459964938
Maruti,2018,67146.68463130851,Diesel,Manual,812CC,5.0,641331.2440334288
BMW,2014,20010.328074182362,Diesel,Automatic,2657CC,5.0,529918.0650293741
BMW,2016,47239.224986605004,Diesel,Manual,1604CC,5.0,258039.69426533976
Toyota,2019,71729.54997198428,Petrol,Manual,1744CC,5.0,650934.3287677617
Honda,2022,15651.544176023523,Diesel,Automatic,2657CC,5.0,661392.2685050435
Hyundai,2010,51886.94362840734,Diesel,Automatic,2410CC,5.0,811256.0011033148
Tata,2019,24823.54800462421,Diesel,Automatic,2759CC,7.0,1158665.5968965662
Toyota,2014,174743.1485903963,Petrol,Manual,1852CC,5.0,1068455.2239094335
Maruti,2021,43038.418566340355,Petrol,Manual,1095CC,5.0,547398.0743841792
Tata,2019,91992.93587176796,Petrol,Automatic,1725CC,5.0,746306.6957359686
Tata,2011,49950.562499680556,Diesel,Manual,1439CC,7.0,867286.4358351834
Tata,2021,12219.152463993307,Diesel,Manual,1427CC,5.0,554777.8753913604
Toyota,2015,60140.299178717614,Petrol,Manual,1967CC,4.0,330644.4169953817
Honda,2020,161210.02600623664,CNG,Manual,1741CC,5.0,618104.07102539
Hyundai,2010,56016.42113769123,Petrol,Manual,1629CC,5.0,1182438.6969156803
Tata,2012,95515.11073538645,Petrol,Manual,2570CC,5.0,323888.86702393246
Tata,2014,117797.32650770167,Petrol,Automatic,1775CC,5.0,422052.30538497726
Maruti,2013,22943.70329182501,Diesel,Manual,1754CC,5.0,464111.1833666165
Maruti,2012,21915.70470900779,Diesel,Manual,2062CC,4.0,424254.3924024327
Hyundai,2019,57206.35323547652,Petrol,Manual,1751CC,5.0,947638.1671203546
Tata,2022,36468.871616678865,Diesel,Manual,1743CC,5.0,502895.76383205736
BMW,2014,101585.7491084462,Petrol,Manual,2004CC,5.0,959885.0925666838
Maruti,2020,125140.81768564279,Diesel,Manual,2935CC,5.0,697952.432062532
Honda,2017,31803.023921175736,Diesel,Automatic,2334CC,5.0,292221.8064039291
Hyundai,2020,23516.380730422155,Diesel,Manual,1896CC,5.0,560511.5878364712
BMW,2013,85825.96478962243,Petrol,Automatic,978CC,5.0,1083943.0378184137
Tata,2010,26065.80613670829,CNG,Manual,2628CC,5.0,735398.6995805004
Tata,2020,96471.44627595175,Diesel,Manual,2057CC,7.0,580793.9759536557
Hyundai,2016,37559.66503777051,Petrol,Manual,1264CC,5.0,1189391.333296458
Hyundai,2017,65063.27516026851,Diesel,Manual,2574CC,5.0,403312.3119729678
Hyundai,2012,15020.60086455629,Petrol,Automatic,2030CC,5.0,511518.47789234197
Maruti,2015,58889.60345326871,Diesel,Manual,1684CC,5.0,1034822.8836066852
Tata,2011,40052.80689813925,Petrol,Manual,2132CC,5.0,938250.5274439728
Tata,2016,54168.00520333024,Diesel,Automatic,2454CC,5.0,388307.244944975
BMW,2017,19196.995746157896,Diesel,Automatic,1744CC,4.0,853224.8135826412
BMW,2015,76756.06523742664,Petrol,Automatic,1724CC,5.0,499054.15854891605
Honda,2015,109314.71316059388,Petrol,Manual,2738CC,5.0,253420.32400587742
Toyota,2014,22214.516334426968,Petrol,Automatic,1293CC,5.0,586256.2084844139
Tata,2017,15030.510563140047,Petrol,Manual,2346CC,4.0,1606277.515553508
Tata,2010,11196.122996578699,Petrol,Manual,2769CC,5.0,1093075.6013942072
Maruti,2019,61357.134402479365,Diesel,Manual,1894CC,5.0,668011.2433827794
Hyundai,2013,56709.248666195905,Petrol,Manual,2625CC,7.0,315516.3074403559
Maruti,2013,49559.77066917829,Petrol,Manual,1562CC,5.0,256423.1779786225
BMW,2012,23194.83314706444,Diesel,Manual,849CC,5.0,698995.4963536271
Honda,2012,34789.13325326026,Petrol,Automatic,1705CC,5.0,826540.817967434
Maruti,2013,55128.8023769661,Diesel,Manual,1363CC,5.0,952965.4498509929
Toyota,2020,44335.0857495958,Diesel,Manual,1582CC,5.0,900756.2521201704
Honda,2010,230256.65816906633,Diesel,Manual,2840CC,5.0,937766.701606512
Hyundai,2020,17334.580630766366,Diesel,Automatic,2631CC,5.0,778867.2908321515
Maruti,2022,69395.87812102318,Diesel,Manual,1383CC,5.0,1176804.0841791653
Toyota,2020,35902.48004051997,Petrol,Manual,2119CC,5.0,529423.4250342915
Honda,2011,37948.266282585784,Petrol,Automatic,1035CC,5.0,693987.5882531533
Toyota,2018,73221.14307095265,Petrol,Automatic,2903CC,5.0,292693.9792608421
Honda,2019,68953.62876599072,Diesel,Manual,2742CC,5.0,524135.7563343932
Tata,2011,246969.34039321847,Petrol,Manual,1159CC,7.0,1078507.8075732929
Honda,2014,16870.906206829153,Diesel,Automatic,2730CC,5.0,923362.572817051
Honda,2018,15496.86250203277,CNG,Manual,909CC,5.0,223225.54828398494
Tata,2018,74429.13828367711,Diesel,Manual,991CC,5.0,1666900.9462442119
Hyundai,2017,53183.362523399024,Diesel,Automatic,1703CC,7.0,736314.6394455346
Maruti,2010,26021.329622501307,Petrol,Manual,1916CC,5.0,742971.0218309909
Maruti,2010,14137.534367389873,Diesel,Manual,1661CC,5.0,508518.36007670406
Toyota,2018,14477.543553195397,Diesel,Manual,1883CC,5.0,561869.9229660811
Honda,2022,122305.92562327946,Petrol,Manual,1449CC,5.0,732395.2796781077
Toyota,2020,20651.4515929982,Petrol,Manual,838CC,5.0,898239.2190831467
Maruti,2017,29531.64964737904,Diesel,Automatic,1436CC,5.0,796430.2762320525
Maruti,2019,22851.591504781667,Diesel,Manual,1836CC,5.0,527579.8861023365
Maruti,2018,31924.961740521037,Diesel,Manual,835CC,5.0,439941.67041545163
Hyundai,2016,13597.568036581491,Diesel,Manual,2948CC,5.0,426339.5443468951
Honda,2012,46600.61610127674,Diesel,Manual,2161CC,5.0,1119561.2973856009
Hyundai,2012,13500.342318872068,Diesel,Automatic,2783CC,5.0,1054304.6864473005
Hyundai,2011,90561.10210796261,Petrol,Manual,965CC,5.0,858842.5605445544
Tata,2014,23309.8653842103,Petrol,Manual,2679CC,5.0,1115613.433384987
Hyundai,2021,48827.734557429736,Petrol,Manual,830CC,5.0,643487.2153550145
Honda,2021,116046.14082448708,Diesel,Manual,810CC,5.0,1010493.0082222957
Toyota,2012,62616.6020205132,Diesel,Manual,2811CC,5.0,880216.6665337211
Hyundai,2015,48066.781628736586,Diesel,Manual,2943CC,5.0,1023718.1706809566
Honda,2011,29602.8021242073,Petrol,Automatic,1285CC,5.0,406955.7580391718
Tata,2021,30248.40506119234,Diesel,Manual,2089CC,5.0,212778.95787008601
Tata,2012,65355.457528486804,Diesel,Manual,2247CC,5.0,773584.238406189
Maruti,2014,266974.8337353652,Diesel,Manual,2743CC,4.0,576756.8397406301
Tata,2021,64211.68634826156,Diesel,Automatic,2763CC,5.0,237376.23454302864
Hyundai,2020,50797.77554839906,Petrol,Manual,2651CC,5.0,1207390.5989943338
Hyundai,2020,75587.27620964056,Diesel,Manual,2269CC,5.0,1055736.3162459242
Hyundai,2010,41293.646399120444,Petrol,Manual,2166CC,5.0,806142.8221557447
BMW,2022,13101.342174160876,Petrol,Manual,1790CC,5.0,452373.50272185606
Hyundai,2010,51310.71300719805,Petrol,Automatic,1624CC,5.0,287478.7037961752
Hyundai,2019,168060.17136476675,Diesel,Manual,2262CC,7.0,236196.39153671375
Honda,2018,19636.958147035177,CNG,Manual,2953CC,5.0,522321.36209887144
Maruti,2016,68559.93792341289,Diesel,Automatic,1025CC,5.0,944411.7390921669
Maruti,2010,21215.567187112898,Diesel,Automatic,1576CC,5.0,579648.863352597
Maruti,2021,48374.97130132232,Diesel,Automatic,1912CC,5.0,863923.0657720309
Maruti,2017,15083.724185118044,Diesel,Automatic,1487CC,5.0,884646.2279359635
Maruti,2012,39925.582892294035,Petrol,Manual,1329CC,5.0,937770.8731152544
Maruti,2017,80562.83292712283,Petrol,Manual,1771CC,5.0,267906.2368086112
Honda,2014,31352.688074272708,Petrol,Manual,1735CC,5.0,471317.95939820923
Maruti,2010,64668.063643804424,Petrol,Manual,2222CC,5.0,856255.5393088172
Hyundai,2016,89347.13214581751,Petrol,Manual,2953CC,5.0,1336708.517209885
Tata,2014,140986.73463521045,Petrol,Manual,2094CC,5.0,1153823.9538962122
Hyundai,2015,23370.58438577778,Petrol,Manual,2798CC,5.0,786177.1443121043
Toyota,2015,35484.30664572674,CNG,Automatic,2326CC,4.0,1213716.142884984
Maruti,2017,18268.26726612014,Petrol,Manual,1478CC,5.0,783298.2762735492
Maruti,2018,254532.74810240275,Petrol,Automatic,839CC,5.0,320149.5757048747
Maruti,2011,140865.45485792862,Petrol,Manual,1905CC,5.0,930095.7082364212
Maruti,2018,48821.77993995613,Diesel,Manual,1644CC,5.0,1173328.6188703869
Hyundai,2021,102268.54960309858,Petrol,Manual,2543CC,5.0,1544032.9714543787
Maruti,2020,46798.34776491431,Petrol,Manual,1246CC,5.0,515443.6013036356
Maruti,2019,58853.24243108654,Diesel,Manual,2034CC,5.0,387787.7389710079
Maruti,2018,14667.44897715109,Petrol,Automatic,2150CC,5.0,1011930.246439819
Hyundai,2022,80380.07175778695,Petrol,Manual,1026CC,5.0,831708.3098268938
Maruti,2019,16831.866761445355,Petrol,Manual,847CC,5.0,796001.6489088131
Hyundai,2019,97454.43674676697,Petrol,Manual,2262CC,5.0,1222103.4412306289
Honda,2016,86169.45335093325,Petrol,Manual,2630CC,5.0,1010008.2263110431
Toyota,2010,71677.75345468045,Petrol,Automatic,986CC,5.0,869459.0252211397
Maruti,2016,11841.518402577656,Diesel,Automatic,2732CC,5.0,546449.5291183463
Toyota,2019,28057.70200257751,Diesel,Manual,1648CC,5.0,970550.0172541379
Honda,2014,25266.00695895637,Diesel,Manual,2832CC,5.0,380597.9168345912
Maruti,2015,32325.013100975848,Petrol,Manual,2052CC,7.0,782227.7608109805
Tata,2019,14586.182028618881,Diesel,Automatic,2213CC,4.0,672329.9518931492
Tata,2016,148197.5650446037,Petrol,Manual,1778CC,5.0,313640.2457555013
Maruti,2014,50349.65093815907,Petrol,Manual,2412CC,5.0,832870.2216883815
Hyundai,2016,28229.90609738011,Diesel,Automatic,1816CC,5.0,515975.79785252654
Tata,2018,35290.371555329955,Petrol,Manual,2681CC,5.0,823181.5903433764
Toyota,2012,39638.18011213151,Petrol,Automatic,1069CC,5.0,427739.0100050332
Maruti,2017,55888.8835110396,Diesel,Manual,2430CC,5.0,1014912.6149212262
Maruti,2011,46250.41260227198,Diesel,Manual,1109CC,5.0,1440143.2184187132
Hyundai,2020,135907.85232588233,Petrol,Manual,2843CC,5.0,380660.2095738867
Hyundai,2016,44354.62564603948,Diesel,Automatic,2374CC,5.0,427483.39904009027
Honda,2022,252413.16326801176,CNG,Automatic,1895CC,5.0,352335.007211259
Hyundai,2011,105333.25566641401,Petrol,Manual,2495CC,7.0,616429.6171685797
Hyundai,2013,21691.934191971595,Petrol,Manual,2245CC,5.0,817090.9188801709
Toyota,2016,143389.9730294427,Petrol,Manual,2967CC,5.0,942117.4819986218
Maruti,2012,16185.638975497146,Petrol,Automatic,1019CC,5.0,774871.9784800274
Hyundai,2011,95036.47870053629,Petrol,Manual,852CC,7.0,928292.2740075164
Toyota,2020,33952.08093335485,Diesel,Manual,2557CC,5.0,660944.9747628763
Tata,2019,115176.1884121618,Diesel,Manual,2274CC,5.0,513139.5715944061
Honda,2016,111269.14595778134,Diesel,Automatic,2466CC,5.0,432409.988749823
Honda,2010,91975.63291787238,Petrol,Manual,2060CC,5.0,627310.3694147598
Maruti,2017,88039.63467821306,Diesel,Manual,1519CC,5.0,437308.7453971008
Hyundai,2012,28169.093479589337,CNG,Manual,1205CC,5.0,805382.4671379225
Honda,2021,14219.066460037473,Diesel,Automatic,871CC,7.0,440560.2331758582
Maruti,2021,35790.24823711498,Petrol,Manual,2653CC,5.0,539380.3231689557
Hyundai,2022,19529.251168332878,Diesel,Manual,2853CC,5.0,1116779.8074359666
Hyundai,2011,69364.1575488737,Petrol,Automatic,2029CC,5.0,1169063.788086669
Maruti,2012,31240.02131065532,Petrol,Manual,2367CC,5.0,1151148.290284137
Hyundai,2014,195679.51510635414,Petrol,Manual,1186CC,5.0,666176.0672780355
Maruti,2020,61217.755726806216,Diesel,Manual,2591CC,5.0,522863.41854915774
Hyundai,2017,96433.75877049688,Diesel,Automatic,1498CC,5.0,864196.2435259487
Maruti,2019,17108.41043832797,Petrol,Manual,2000CC,5.0,444797.57503492216
Tata,2016,109030.32716682255,Petrol,Automatic,1626CC,5.0,964425.5995671749
Honda,2016,138040.07243080664,Petrol,Manual,2622CC,5.0,501023.5926259324
Toyota,2021,43380.00702741247,Petrol,Manual,1148CC,5.0,614997.8531696975
Toyota,2016,56602.327491249525,Petrol,Manual,2078CC,5.0,974769.8379238137
Hyundai,2017,82368.03671659189,Petrol,Automatic,1107CC,7.0,282264.2870745952
Hyundai,2013,48771.17572000247,Petrol,Automatic,1324CC,5.0,825113.7218107528
BMW,2015,88204.86666689937,Diesel,Manual,2655CC,5.0,727294.4622172262
Toyota,2011,29191.480352007948,Petrol,Manual,2306CC,5.0,1311405.7355582628
Honda,2017,59160.45432010813,Petrol,Manual,1458CC,5.0,1518064.9982534093
Maruti,2017,118568.0829362135,Petrol,Automatic,1690CC,5.0,597067.8726155695
Maruti,2010,57837.82545360431,Petrol,Manual,2281CC,5.0,426268.3954960918
Maruti,2021,23260.782148292474,Petrol,Manual,1251CC,4.0,1748970.6589097348
Tata,2012,11235.170687207761,Petrol,Manual,2337CC,5.0,1174313.219498565
Honda,2019,112049.08431870906,CNG,Manual,1682CC,5.0,1132188.4998669818
Toyota,2018,11074.943208013066,Diesel,Manual,1112CC,5.0,519537.73078409344
Maruti,2014,113852.88833020852,CNG,Manual,1639CC,5.0,1017138.6742917511
BMW,2015,47638.18602347772,Petrol,Automatic,1174CC,5.0,730051.6537511826
Tata,2013,149899.59213963314,Petrol,Manual,1250CC,5.0,659536.8601087688
Maruti,2019,90168.62615115626,Diesel,Automatic,1394CC,5.0,659000.7709544364
Maruti,2011,319109.72054236627,Petrol,Manual,2033CC,5.0,866085.6935412968
